date,relative_humidity_2m,surface_pressure,wind_speed_120m,temperature_120m
1,2026-10-02,78,1027.59997558594,6.32455539703369,15.8999996185303
2,2026-10-02 01:00:00,78,1027.80004882812,6.80294036865234,15.6000003814697
3,2026-10-02 02:00:00,77,1028.59997558594,5.59464025497437,15.5
4,2026-10-02 03:00:00,76,1029,5.96824932098389,15.5
5,2026-10-02 04:00:00,76,1029,6.3953104019165,15.6000003814697
6,2026-10-02 05:00:00,77,1029.5,4.82597160339355,15.3999996185303
7,2026-10-02 06:00:00,77,1030.40002441406,3.74833297729492,15.1999998092651
8,2026-10-02 07:00:00,77,1030.80004882812,3.08868908882141,15.1000003814697
9,2026-10-02 08:00:00,76,1031.5,2.33452343940735,15
10,2026-10-02 09:00:00,76,1032.19995117188,2.74590611457825,15
11,2026-10-02 10:00:00,78,1032.40002441406,3.06757235527039,14.8999996185303
12,2026-10-02 11:00:00,76,1032.40002441406,2.5,14.8999996185303
13,2026-10-02 12:00:00,74,1032.40002441406,2.54950976371765,14.8999996185303
14,2026-10-02 13:00:00,81,1032.19995117188,2.42074370384216,14.8999996185303
15,2026-10-02 14:00:00,78,1032.19995117188,1.84390890598297,15.1999998092651
16,2026-10-02 15:00:00,76,1031.90002441406,1.80277562141418,15.3999996185303
17,2026-10-02 16:00:00,73,1031.80004882812,1.90262973308563,15.8000001907349
18,2026-10-02 17:00:00,79,1031.59997558594,2.34093999862671,15.8999996185303
19,2026-10-02 18:00:00,81,1031.69995117188,3.80131554603577,16.1000003814697
20,2026-10-02 19:00:00,82,1031.69995117188,5.04479932785034,16.2999992370605
21,2026-10-02 20:00:00,82,1031.90002441406,6.20322513580322,16.2999992370605
22,2026-10-02 21:00:00,81,1031.80004882812,6.00083303451538,16.3999996185303
23,2026-10-02 22:00:00,83,1031.69995117188,6.10737276077271,16
24,2026-10-02 23:00:00,83,1031.69995117188,6.22012853622437,15.8999996185303
25,2026-10-03,83,1031.40002441406,5.88557577133179,16
26,2026-10-03 01:00:00,84,1031.19995117188,5.30094337463379,15.6999998092651
27,2026-10-03 02:00:00,83,1031,6.41248798370361,15.1000003814697
28,2026-10-03 03:00:00,84,1030.69995117188,6.91158437728882,14.6000003814697
29,2026-10-03 04:00:00,85,1030.5,6.80073547363281,14.3999996185303
30,2026-10-03 05:00:00,85,1030.40002441406,6.59999990463257,14.1999998092651
31,2026-10-03 06:00:00,85,1030.19995117188,6.82641935348511,14.1000003814697
32,2026-10-03 07:00:00,85,1030.19995117188,6.39531087875366,14.1999998092651
33,2026-10-03 08:00:00,84,1030.30004882812,5.8463659286499,14.1000003814697
34,2026-10-03 09:00:00,84,1030.30004882812,5.45710563659668,14.1000003814697
35,2026-10-03 10:00:00,83,1030,4.58802795410156,14
36,2026-10-03 11:00:00,80,1029.59997558594,4.3081316947937,14.3000001907349
37,2026-10-03 12:00:00,78,1029.19995117188,3.57770895957947,14.8000001907349
38,2026-10-03 13:00:00,76,1029,3.22024822235107,15.1999998092651
39,2026-10-03 14:00:00,76,1028.80004882812,3.33016514778137,15.5
40,2026-10-03 15:00:00,75,1028.80004882812,3.14006352424622,15.5
41,2026-10-03 16:00:00,79,1028.59997558594,2.90688824653625,15.5
42,2026-10-03 17:00:00,81,1028.59997558594,2.90688824653625,15.6000003814697
43,2026-10-03 18:00:00,79,1028.59997558594,3.02324342727661,15.8999996185303
44,2026-10-03 19:00:00,75,1028.59997558594,3.40000009536743,15.8999996185303
45,2026-10-03 20:00:00,76,1028.59997558594,3.63593173027039,15.8000001907349
46,2026-10-03 21:00:00,80,1028.40002441406,4.04969167709351,15.8000001907349
47,2026-10-03 22:00:00,80,1028.19995117188,4.56508493423462,15.8000001907349
48,2026-10-03 23:00:00,81,1028.19995117188,4.91934967041016,15.6999998092651
49,2026-10-04,80,1027.80004882812,4.77074384689331,15.5
50,2026-10-04 01:00:00,84,1027.69995117188,4.74236249923706,15.3999996185303
51,2026-10-04 02:00:00,86,1027.59997558594,4.96588373184204,15.3000001907349
52,2026-10-04 03:00:00,86,1027.40002441406,5.02493762969971,15.3000001907349
53,2026-10-04 04:00:00,85.5,1027.22509765625,4.17567729949951,14.75
54,2026-10-04 05:00:00,85,1027.05004882812,2.95801568031311,14.4499998092651
55,2026-10-04 06:00:00,83.75,1026.89990234375,2.27605605125427,14.5
56,2026-10-04 07:00:00,83,1027.09997558594,2.64764022827148,14.6000003814697
57,2026-10-04 08:00:00,83,1027.5,1.39283871650696,14.5
58,2026-10-04 09:00:00,82,1027.69995117188,1.51327455043793,14.5
59,2026-10-04 10:00:00,81,1027.59997558594,2.8301944732666,14.3999996185303
60,2026-10-04 11:00:00,78,1027.19995117188,3.77359247207642,14.3999996185303
61,2026-10-04 12:00:00,72,1027,2.20227146148682,14.3999996185303
62,2026-10-04 13:00:00,73,1026.80004882812,2.12602925300598,14.3999996185303
63,2026-10-04 14:00:00,74,1026.80004882812,3.53836107254028,14.3999996185303
64,2026-10-04 15:00:00,74,1026.30004882812,2.34307479858398,14.3000001907349
65,2026-10-04 16:00:00,74,1026.30004882812,2.20227146148682,14.3000001907349
66,2026-10-04 17:00:00,75,1026.19995117188,1.6401219367981,14.3000001907349
67,2026-10-04 18:00:00,76,1026.30004882812,1.80277562141418,14.3000001907349
68,2026-10-04 19:00:00,78,1026.30004882812,2.52982211112976,14.1999998092651
69,2026-10-04 20:00:00,79,1026.19995117188,2.54950976371765,14.1999998092651
70,2026-10-04 21:00:00,80,1025.90002441406,3.51140999794006,14.1999998092651
71,2026-10-04 22:00:00,79,1025.69995117188,4.75394582748413,14.3000001907349
72,2026-10-04 23:00:00,80,1025.40002441406,5.68242931365967,14.3000001907349
73,2026-10-05,82,1025,6.21288967132568,14.1999998092651
74,2026-10-05 01:00:00,82,1024.69995117188,7.20138883590698,14.1999998092651
75,2026-10-05 02:00:00,82,1024.40002441406,8.13449478149414,14.1999998092651
76,2026-10-05 03:00:00,83,1024.30004882812,8.53756427764893,13.8999996185303
77,2026-10-05 04:00:00,77,1023.90002441406,8.22192192077637,14
78,2026-10-05 05:00:00,76,1024.09997558594,8.12526893615723,14.1000003814697
79,2026-10-05 06:00:00,80,1023.70001220703,8.57029724121094,13.8999996185303
80,2026-10-05 07:00:00,80,1023.79998779297,9.16078662872314,13.8999996185303
81,2026-10-05 08:00:00,82,1024,9.80051040649414,13.8000001907349
82,2026-10-05 09:00:00,82,1024.09997558594,10.4043264389038,13.8999996185303
83,2026-10-05 10:00:00,81,1024,10.7615051269531,14.1999998092651
84,2026-10-05 11:00:00,80,1023.79998779297,10.8908214569092,14.6999998092651
85,2026-10-05 12:00:00,79,1023.59997558594,11.0941429138184,15.1000003814697
86,2026-10-05 13:00:00,78,1023.20001220703,11.3145923614502,15.5
87,2026-10-05 14:00:00,77,1022.79998779297,11.583176612854,15.8000001907349
88,2026-10-05 15:00:00,77,1022.5,11.587061882019,16
89,2026-10-05 16:00:00,78,1022.40002441406,11.3846387863159,16
90,2026-10-05 17:00:00,80,1022.5,11.1328344345093,15.8999996185303
91,2026-10-05 18:00:00,82,1022.5,10.8157291412354,15.8000001907349
92,2026-10-05 19:00:00,84,1022.5,10.5304317474365,15.6000003814697
93,2026-10-05 20:00:00,87,1022.5,10.2181215286255,15.3999996185303
94,2026-10-05 21:00:00,89,1022.40002441406,9.95389366149902,15.1999998092651
95,2026-10-05 22:00:00,90,1022.09997558594,9.75756072998047,15
96,2026-10-05 23:00:00,91,1021.70001220703,9.5707893371582,14.8000001907349
97,2026-10-06,91,1021.29998779297,9.57131099700928,14.6999998092651
98,2026-10-06 01:00:00,90,1020.90002441406,9.84885787963867,14.6999998092651
99,2026-10-06 02:00:00,87,1020.59997558594,10.2727794647217,14.6999998092651
100,2026-10-06 03:00:00,86,1020.29998779297,10.6000003814697,14.6999998092651
101,2026-10-06 04:00:00,86,1020.09997558594,10.5815877914429,14.8000001907349
102,2026-10-06 05:00:00,87,1019.90002441406,10.4235315322876,14.8000001907349
103,2026-10-06 06:00:00,88,1019.79998779297,10.1965684890747,14.8999996185303
104,2026-10-06 07:00:00,89,1019.90002441406,9.88382530212402,14.8999996185303
105,2026-10-06 08:00:00,89,1020.20001220703,9.61769199371338,14.8000001907349
106,2026-10-06 09:00:00,90,1020.29998779297,9.26606750488281,14.8000001907349
107,2026-10-06 10:00:00,90,1020.20001220703,8.95544528961182,14.8999996185303
108,2026-10-06 11:00:00,91,1019.90002441406,8.63539218902588,15
109,2026-10-06 12:00:00,91,1019.59997558594,8.31865406036377,15.1999998092651
110,2026-10-06 13:00:00,91,1019.09997558594,7.97057104110718,15.5
111,2026-10-06 14:00:00,92,1018.59997558594,7.71621656417847,15.8000001907349
112,2026-10-06 15:00:00,92,1018.20001220703,7.44647550582886,16
113,2026-10-06 16:00:00,92,1018,7.13862705230713,15.8999996185303
114,2026-10-06 17:00:00,92,1018,6.87313604354858,15.8000001907349
115,2026-10-06 18:00:00,92,1018,6.43816757202148,15.6000003814697
116,2026-10-06 19:00:00,92,1018,5.74282169342041,15.5
117,2026-10-06 20:00:00,92,1018,4.96487665176392,15.5
118,2026-10-06 21:00:00,92,1017.90002441406,4.39317655563354,15.3999996185303
119,2026-10-06 22:00:00,92,1017.52502441406,4.2296257019043,15.3000001907349
120,2026-10-06 23:00:00,92,1017.15002441406,4.20922565460205,15.1000003814697
121,2026-10-07,92,1016.70001220703,4.27517795562744,15
122,2026-10-07 01:00:00,91,1016.20001220703,4.14849376678467,14.8999996185303
123,2026-10-07 02:00:00,90,1015.59997558594,3.86005187034607,14.8000001907349
124,2026-10-07 03:00:00,90,1015.09997558594,3.73363089561462,14.6999998092651
125,2026-10-07 04:00:00,91,1014.59997558594,3.75765895843506,14.6000003814697
126,2026-10-07 05:00:00,93,1014.09997558594,4.08166646957397,14.3999996185303
127,2026-10-07 06:00:00,94,1013.59997558594,4.30116271972656,14.3000001907349
128,2026-10-07 07:00:00,94,1013.20001220703,4.75078916549683,14.1999998092651
129,2026-10-07 08:00:00,94,1012.90002441406,5.16236352920532,14.1000003814697
130,2026-10-07 09:00:00,93,1012.40002441406,5.23450088500977,14
131,2026-10-07 10:00:00,93,1011.70001220703,5.26972484588623,13.8999996185303
132,2026-10-07 11:00:00,92,1010.90002441406,5.24976205825806,13.8999996185303
133,2026-10-07 12:00:00,92,1010.20001220703,4.21070051193237,13.6000003814697
134,2026-10-07 13:00:00,92,1009.59997558594,3.23882699012756,12.8999996185303
135,2026-10-07 14:00:00,93,1009.20001220703,8.04487419128418,12
136,2026-10-07 15:00:00,91,1009,12.0104122161865,11.3000001907349
137,2026-10-07 16:00:00,85,1009.29998779297,12.6400156021118,11.1000003814697
138,2026-10-07 17:00:00,76,1009.79998779297,12.2004098892212,11.3000001907349
139,2026-10-07 18:00:00,71,1010.20001220703,12.0037488937378,11.3000001907349
140,2026-10-07 19:00:00,71,1010.40002441406,11.236102104187,11.1999998092651
141,2026-10-07 20:00:00,74,1010.5,9.81529426574707,11
142,2026-10-07 21:00:00,77,1010.59997558594,8.65852069854736,10.8000001907349
143,2026-10-07 22:00:00,79,1010.70001220703,8.0993824005127,10.6000003814697
144,2026-10-07 23:00:00,81,1010.79998779297,7.73692464828491,10.3000001907349
145,2026-10-08,82,1010.79998779297,7.32461595535278,10.1000003814697
146,2026-10-08 01:00:00,81,1010.70001220703,6.66108131408691,9.89999961853027
147,2026-10-08 02:00:00,79,1010.59997558594,5.90338850021362,9.80000019073486
148,2026-10-08 03:00:00,78,1010.59997558594,5.39073276519775,9.69999980926514
149,2026-10-08 04:00:00,78,1010.70001220703,5.32634925842285,9.60000038146973
150,2026-10-08 05:00:00,79,1010.79998779297,5.56057548522949,9.60000038146973
151,2026-10-08 06:00:00,79,1011.09997558594,5.68594741821289,9.60000038146973
152,2026-10-08 07:00:00,79,1011.59997558594,5.59464025497437,9.60000038146973
153,2026-10-08 08:00:00,78,1012.09997558594,5.60802984237671,9.60000038146973
154,2026-10-08 09:00:00,77,1012.70001220703,5.6612720489502,9.60000038146973
155,2026-10-08 10:00:00,75,1013.20001220703,5.79741334915161,9.80000019073486
156,2026-10-08 11:00:00,74,1013.79998779297,5.99082660675049,10
157,2026-10-08 12:00:00,73,1014.29998779297,6.42884111404419,10.1999998092651
158,2026-10-08 13:00:00,75,1014.79998779297,7.14702749252319,10.1999998092651
159,2026-10-08 14:00:00,78,1015.29998779297,8.13449478149414,10.1999998092651
160,2026-10-08 15:00:00,78,1015.79998779297,8.67294692993164,10.3999996185303
161,2026-10-08 16:00:00,73,1016.40002441406,8.5440034866333,10.8999996185303
162,2026-10-08 17:00:00,66,1017,8.10493659973145,11.6000003814697
163,2026-10-08 18:00:00,61,1017.59997558594,7.81600952148438,12
164,2026-10-08 19:00:00,60,1018.40002441406,7.81024980545044,11.8999996185303
165,2026-10-08 20:00:00,61,1019.09997558594,7.82304334640503,11.6999998092651
166,2026-10-08 21:00:00,62,1019.79998779297,7.65310382843018,11.3999996185303
167,2026-10-08 22:00:00,63,1020.20001220703,7.18470573425293,11.3000001907349
168,2026-10-08 23:00:00,64,1020.5,6.62872505187988,11.1999998092651
